Empleado/Mes,Mes 1,Mes 2,Mes 3,Mes 4,Mes 5,Total Empleado
Empleado 1,3419.0,6876.0,5422.0,1737.0,1517.0,18971.0
Empleado 2,7656.0,3712.0,5077.0,6219.0,3823.0,26487.0
Empleado 3,9976.0,2944.0,2436.0,3764.0,9970.0,29090.0
Promedio por mes,7017.0,4510.666666666667,4311.666666666667,3906.6666666666665,5103.333333333333,
Total General,74548.0
